ANZSCO_TITLE,2018,2019,2020,2021,Growth 2019 vs 2021,Growth 2018 vs 2021
Accountants,4327.916666666667,3964.3333333333335,2581.8333333333335,3444.75,-13.106449171781723,-20.406277077115632
Accounting Clerks,2509.8333333333335,2429.3333333333335,1336.0833333333333,2034.5833333333333,-16.249313940724484,-18.935520286871647
"Actors, Dancers and Other Entertainers",218.08333333333334,196.16666666666666,162.58333333333334,246.33333333333334,25.573491928632127,12.953763851738632
"Actuaries, Mathematicians and Statisticians",269.0833333333333,267.6666666666667,177.91666666666666,272.1666666666667,1.681195516811955,1.1458655930628818
Advertising and Marketing Professionals,2041.0,1917.4166666666667,1290.25,2362.4166666666665,23.208309791820582,15.747999346725456
Advertising and Sales Managers,6427.416666666667,5803.083333333333,3549.25,5343.166666666667,-7.925384493875372,-16.869141308716564
Aged and Disabled Carers,1714.0,2059.0833333333335,2230.4166666666665,3319.75,61.22465498401392,93.68436406067678
Agricultural Technicians,51.833333333333336,55.0,56.0,112.75,105.0,117.52411575562701
Agricultural and Forestry Scientists,23.583333333333332,24.25,22.416666666666668,42.083333333333336,73.53951890034365,78.44522968197882
"Agricultural, Forestry and Horticultural Plant Operators",46.5,38.833333333333336,46.5,59.5,53.21888412017166,27.956989247311824
Air Transport Professionals,55.583333333333336,48.0,35.416666666666664,57.25,19.270833333333336,2.9985007496251828
Airconditioning and Refrigeration Mechanics,363.9166666666667,373.5833333333333,306.6666666666667,443.8333333333333,18.804372072273033,21.960155713304317
Aircraft Maintenance Engineers,49.416666666666664,48.083333333333336,36.75,57.5,19.58405545927209,16.357504215851606
Ambulance Officers and Paramedics,30.166666666666668,42.916666666666664,37.083333333333336,52.666666666666664,22.71844660194175,74.58563535911601
"Amusement, Fitness and Sports Centre Managers",144.0,125.91666666666667,102.08333333333333,194.5,54.46724023825281,35.06944444444444
Anaesthetists,8.5,16.0,22.5,24.166666666666668,51.04166666666667,184.31372549019608
Animal Attendants and Trainers,76.5,74.75,78.5,140.08333333333334,87.40245261984394,83.11546840958607
Aquaculture Farmers,0.5,0.9166666666666666,0.5833333333333334,0.3333333333333333,-63.63636363636363,-33.333333333333336
Aquaculture Workers,2.1666666666666665,2.0,1.5,1.9166666666666667,-4.1666666666666625,-11.53846153846153
Architects and Landscape Architects,815.3333333333334,690.8333333333334,487.25,644.8333333333334,-6.658624849215923,-20.911692559280457
"Architectural, Building and Surveying Technicians",2289.1666666666665,1905.6666666666667,1357.25,2015.5,5.763512331642465,-11.954859847105928
"Archivists, Curators and Records Managers",57.583333333333336,63.666666666666664,46.0,72.08333333333333,13.219895287958112,25.180897250361785
"Artistic Directors, and Media Producers and Presenters",15.25,14.75,8.0,18.416666666666668,24.8587570621469,20.76502732240438
"Auctioneers, and Stock and Station Agents",1.8333333333333333,1.75,1.25,2.8333333333333335,61.90476190476192,54.54545454545456
"Auditors, Company Secretaries and Corporate Treasurers",593.0,682.0833333333334,453.3333333333333,760.0833333333334,11.435552840562003,28.175941540191126
"Authors, and Book and Script Editors",29.166666666666668,37.083333333333336,38.166666666666664,73.08333333333333,97.07865168539324,150.57142857142853
Automobile Drivers,39.833333333333336,31.666666666666668,23.833333333333332,41.416666666666664,30.789473684210517,3.974895397489528
Automotive Electricians,317.75,303.0,243.0,317.6666666666667,4.840484048404846,-0.026226068712294062
Bakers and Pastrycooks,280.4166666666667,267.75,274.4166666666667,473.6666666666667,76.90631808278869,68.91530460624071
Bank Workers,818.8333333333334,635.1666666666666,475.3333333333333,940.5,48.071372343217014,14.858538571137792
Bar Attendants and Baristas,1467.1666666666667,1520.0,1212.3333333333333,2581.5,69.83552631578948,75.95138021129159
Barristers,18.25,26.833333333333332,22.25,33.0,22.981366459627335,80.82191780821918
Beauty Therapists,387.5,364.6666666666667,347.5833333333333,496.1666666666667,36.060329067641675,28.043010752688176
Betting Clerks,2.5833333333333335,2.25,1.4166666666666667,1.6666666666666667,-25.925925925925924,-35.483870967741936
"Binders, Finishers and Screen Printers",20.5,12.916666666666666,9.583333333333334,18.583333333333332,43.87096774193548,-9.349593495934966
Boat Builders and Shipwrights,12.833333333333334,12.166666666666666,11.833333333333334,25.75,111.64383561643835,100.64935064935064
Bookkeepers,625.6666666666666,609.5,404.4166666666667,583.0,-4.3478260869565215,-6.819392647842296
Bricklayers and Stonemasons,83.75,75.33333333333333,73.41666666666667,134.91666666666666,79.0929203539823,61.09452736318407
Building and Plumbing Labourers,697.25,587.3333333333334,516.0833333333334,956.25,62.8121452894438,37.14593044101829
Bus and Coach Drivers,156.16666666666666,137.41666666666666,111.83333333333333,220.75,60.64281382656156,41.35538954108859
Butchers and Smallgoods Makers,118.0,96.08333333333333,119.5,178.58333333333334,85.86296617519517,51.34180790960453
Cabinetmakers,364.3333333333333,313.0,248.0,389.25,24.361022364217252,6.838975297346758
Cafe Workers,300.9166666666667,282.9166666666667,199.5,346.0833333333333,22.326951399116332,15.009692605926322
Cafe and Restaurant Managers,443.1666666666667,439.9166666666667,334.1666666666667,621.5,41.27675696154574,40.24069198946972
Call or Contact Centre Workers,1942.25,1710.25,1169.6666666666667,2070.9166666666665,21.088534814598248,6.6246192131119335
Call or Contact Centre and Customer Service Managers,457.5,446.8333333333333,331.0,560.8333333333334,25.51286833271169,22.586520947176695
Canvas and Leather Goods Makers,3.0833333333333335,2.0,1.3333333333333333,2.8333333333333335,41.66666666666667,-8.108108108108107
Car Detailers,160.75,123.83333333333333,98.75,193.16666666666666,55.989232839838486,20.165889061689988
Caravan Park and Camping Ground Managers,9.666666666666666,11.583333333333334,9.916666666666666,15.416666666666666,33.0935251798561,59.48275862068966
Caretakers,94.5,103.66666666666667,73.75,122.33333333333333,18.006430868167193,29.453262786596113
Carpenters and Joiners,996.25,709.1666666666666,662.5,1237.0833333333333,74.44183313748532,24.173985780008355
Cartographers and Surveyors,377.0833333333333,306.9166666666667,252.5,409.3333333333333,33.369535704588635,8.552486187845304
Checkout Operators and Office Cashiers,50.75,60.083333333333336,66.58333333333333,155.16666666666666,158.25242718446597,205.74712643678157
Chefs,2232.0,2053.5,1601.25,3001.25,46.152909666423184,34.46460573476703
Chemical and Materials Engineers,32.416666666666664,33.083333333333336,24.5,38.916666666666664,17.632241813601997,20.051413881748072
"Chemical, Gas, Petroleum and Power Generation Plant Operators",50.416666666666664,51.916666666666664,40.75,51.333333333333336,-1.1235955056179685,1.818181818181828
"Chemists, and Food and Wine Scientists",117.33333333333333,126.5,112.58333333333333,214.83333333333334,69.82872200263506,83.09659090909093
Chief Executives and Managing Directors,345.4166666666667,344.3333333333333,275.8333333333333,416.8333333333333,21.055179090029043,20.67551266586247
Child Care Centre Managers,151.33333333333334,157.5,164.08333333333334,266.8333333333333,69.4179894179894,76.32158590308367
Child Carers,2361.0,2110.5,1580.4166666666667,2839.1666666666665,34.525783779515116,20.25271777495411
Chiropractors and Osteopaths,11.166666666666666,11.166666666666666,14.083333333333334,38.416666666666664,244.0298507462687,244.0298507462687
Civil Engineering Draftspersons and Technicians,274.0833333333333,224.91666666666666,150.33333333333334,268.8333333333333,19.525750277880693,-1.9154758285193068
Civil Engineering Professionals,2212.75,1955.0833333333333,1330.9166666666667,2098.5,7.33557819359789,-5.163258388882612
"Clay, Concrete, Glass and Stone Processing Machine Operators",3.1666666666666665,1.9166666666666667,2.75,4.083333333333333,113.04347826086953,28.947368421052627
Clothing Trades Workers,24.666666666666668,22.0,17.916666666666668,33.0,50.0,33.783783783783775
Commercial Cleaners,1106.5833333333333,1038.5833333333333,1167.4166666666667,2210.25,112.81392923052236,99.73642593568795
Complementary Health Therapists,44.333333333333336,37.25,34.416666666666664,55.25,48.322147651006716,24.624060150375936
Computer Network Professionals,570.3333333333334,537.25,399.0,511.25,-4.839460214053048,-10.3594389246055
Concreters,159.5,135.5,137.58333333333334,195.25,44.095940959409596,22.413793103448278
Conference and Event Organisers,415.9166666666667,408.75,182.08333333333334,395.9166666666667,-3.139653414882768,-4.808655580044079
Construction Managers,4377.666666666667,3794.0833333333335,2411.9166666666665,3772.4166666666665,-0.5710645961914464,-13.825858524328039
"Contract, Program and Project Administrators",2112.5833333333335,1965.3333333333333,1219.5833333333333,1990.3333333333333,1.2720488466757125,-5.786753974202211
Conveyancers and Legal Executives,368.4166666666667,315.25,239.91666666666666,410.75,30.2934179222839,11.490612983487893
Cooks,1338.5833333333333,1473.6666666666667,1238.0,2444.75,65.89572494910652,82.63711635435473
Corporate Services Managers,656.9166666666666,570.1666666666666,413.5,608.9166666666666,6.796258403975446,-7.30686286946594
Counsellors,283.3333333333333,316.3333333333333,326.6666666666667,508.5,60.74815595363542,79.47058823529413
Couriers and Postal Deliverers,376.6666666666667,297.25,216.41666666666666,414.5833333333333,39.47294645360246,10.066371681415918
Court and Legal Clerks,180.25,190.5,120.0,197.41666666666666,3.630796150481185,9.523809523809518
"Crane, Hoist and Lift Operators",232.08333333333334,199.25,170.91666666666666,289.9166666666667,45.50397323295693,24.919210053859967
Credit and Loans Officers,1213.75,1193.3333333333333,800.9166666666666,1357.4166666666667,13.750000000000012,11.836594576038454
Crop Farm Workers,136.58333333333334,124.75,159.16666666666666,352.4166666666667,182.49832999332,158.02318486882245
Crop Farmers,11.416666666666666,18.166666666666668,13.666666666666666,27.666666666666668,52.293577981651374,142.33576642335768
"Database and Systems Administrators, and ICT Security Specialists",756.6666666666666,808.0,625.6666666666666,928.0833333333334,14.861798679867992,22.654185022026443
Debt Collectors,191.5,211.33333333333334,111.33333333333333,144.5,-31.624605678233443,-24.54308093994778
Deck and Fishing Hands,31.416666666666668,30.0,21.916666666666668,39.916666666666664,33.05555555555555,27.055702917771875
Delivery Drivers,515.6666666666666,431.0833333333333,501.9166666666667,1094.25,153.83723178039824,112.2010342598578
Dental Assistants,483.0833333333333,500.4166666666667,521.6666666666666,747.8333333333334,49.44213155703581,54.804209073658804
"Dental Hygienists, Technicians and Therapists",107.16666666666667,114.5,128.5,213.16666666666666,86.17176128093158,98.91135303265939
Dental Practitioners,239.16666666666666,300.0833333333333,285.0833333333333,456.9166666666667,52.26326020549848,91.0452961672474
Dietitians,55.333333333333336,60.833333333333336,72.08333333333333,111.08333333333333,82.60273972602738,100.75301204819276
Diversional Therapists,39.916666666666664,48.0,46.333333333333336,76.75,59.895833333333336,92.27557411273487
Domestic Cleaners,18.666666666666668,27.666666666666668,59.666666666666664,149.0,438.55421686746985,698.2142857142858
"Drillers, Miners and Shot Firers",570.0,582.25,458.5833333333333,637.0,9.403177329325892,11.75438596491228
Driving Instructors,19.333333333333332,16.166666666666668,16.333333333333332,21.666666666666668,34.020618556701024,12.068965517241391
Early Childhood (Pre-primary School) Teachers,714.5,898.4166666666666,932.5,1449.9166666666667,61.385771264261216,102.9274550968043
Earthmoving Plant Operators,1084.5833333333333,950.8333333333334,952.5833333333334,1223.1666666666667,28.641542506573188,12.77756434882829
Economists,39.166666666666664,40.25,31.833333333333332,48.166666666666664,19.6687370600414,22.978723404255323
Education Advisers and Reviewers,38.25,40.833333333333336,35.75,56.416666666666664,38.16326530612243,47.49455337690631
Education Aides,1250.75,1400.25,1152.6666666666667,1590.75,13.604713444027853,27.183689786128323
Electrical Distribution Trades Workers,64.5,59.083333333333336,64.16666666666667,101.66666666666667,72.07334273624824,57.62273901808786
Electrical Engineering Draftspersons and Technicians,124.16666666666667,118.16666666666667,86.0,131.83333333333334,11.565585331452755,6.1744966442953055
Electrical Engineers,372.8333333333333,367.0,248.16666666666666,364.9166666666667,-0.5676657584014481,-2.1233795261510853
Electricians,1992.5,1922.0833333333333,1450.9166666666667,2421.5,25.983091263819645,21.530740276035132
Electronic Engineering Draftspersons and Technicians,56.75,51.166666666666664,41.583333333333336,61.833333333333336,20.846905537459293,8.957415565345086
Electronics Engineers,51.583333333333336,44.833333333333336,37.0,57.583333333333336,28.438661710037174,11.631663974151857
Electronics Trades Workers,165.5,180.66666666666666,128.41666666666666,178.0,-1.4760147601475961,7.552870090634441
Engineering Managers,196.16666666666666,197.75,152.83333333333334,267.25,35.145385587863466,36.236193712829234
Engineering Production Systems Workers,203.33333333333334,179.91666666666666,150.08333333333334,215.5,19.777674849467353,5.983606557377044
Enrolled and Mothercraft Nurses,337.5,460.6666666666667,461.8333333333333,775.8333333333334,68.41534008683068,129.87654320987656
Environmental Scientists,300.6666666666667,326.0833333333333,247.83333333333334,397.0,21.748019422438034,32.03991130820398
"Fashion, Industrial and Jewellery Designers",109.75,102.33333333333333,83.0,168.25,64.41368078175897,53.30296127562642
Fast Food Cooks,51.833333333333336,44.833333333333336,41.083333333333336,67.83333333333333,51.301115241635664,30.868167202572334
Fencers,30.916666666666668,19.166666666666668,27.333333333333332,41.75,117.82608695652172,35.040431266846355
Filing and Registry Clerks,151.5,170.08333333333334,92.5,152.08333333333334,-10.583047525722684,0.3850385038503913
"Film, Television, Radio and Stage Directors",50.666666666666664,46.083333333333336,37.916666666666664,65.91666666666667,43.037974683544306,30.098684210526333
Finance Managers,928.3333333333334,880.0,598.4166666666666,770.0833333333334,-12.4905303030303,-17.046678635547575
Financial Brokers,277.6666666666667,235.08333333333334,220.41666666666666,315.5833333333333,34.243176178660036,13.655462184873935
Financial Dealers,47.166666666666664,40.25,28.666666666666668,55.833333333333336,38.71635610766046,18.374558303886936
Financial Investment Advisers and Managers,980.0,865.0,589.75,776.4166666666666,-10.240847784200389,-20.77380952380953
Fire and Emergency Workers,30.416666666666668,37.916666666666664,33.833333333333336,46.833333333333336,23.51648351648353,53.97260273972603
Fitness Instructors,379.3333333333333,361.6666666666667,281.5,343.75,-4.953917050691249,-9.380492091388398
Floor Finishers,23.75,16.833333333333332,19.75,29.25,73.76237623762377,23.157894736842106
Florists,29.0,24.75,31.416666666666668,53.583333333333336,116.4983164983165,84.77011494252874
Food Trades Assistants,47.75,37.666666666666664,33.0,48.166666666666664,27.87610619469027,0.8726003490401346
Food and Drink Factory Workers,83.83333333333333,85.91666666666667,89.33333333333333,151.91666666666666,76.81862269641123,81.21272365805169
Forestry and Logging Workers,34.166666666666664,27.666666666666668,21.0,41.833333333333336,51.204819277108435,22.439024390243915
Forklift Drivers,1434.6666666666667,1194.1666666666667,1043.75,1527.9166666666667,27.948360083740404,6.499767657992566
Freight and Furniture Handlers,141.66666666666666,123.41666666666667,123.5,222.5,80.28359216745442,57.058823529411775
Funeral Workers,27.583333333333332,25.916666666666668,20.5,37.083333333333336,43.08681672025724,34.441087613293064
"Gallery, Library and Museum Technicians",18.833333333333332,23.583333333333332,18.666666666666668,25.833333333333332,9.540636042402827,37.16814159292036
"Gallery, Museum and Tour Guides",49.833333333333336,49.25,23.5,52.416666666666664,6.4297800338409425,5.183946488294304
Gaming Workers,100.16666666666667,102.25,76.16666666666667,134.75,31.784841075794624,34.525790349417626
Garden and Nursery Labourers,237.16666666666666,204.83333333333334,235.16666666666666,406.25,98.33197721724979,71.29304286718202
Gardeners,626.25,624.25,577.4166666666666,918.6666666666666,47.16326258176478,46.693280106453756
General Clerks,8690.333333333334,8357.083333333334,6299.583333333333,11052.333333333334,32.25108440943311,27.179624870545815
General Managers,482.0,460.0833333333333,364.1666666666667,528.5833333333334,14.888607136388348,9.664591977869993
Generalist Medical Practitioners,897.4166666666666,1062.8333333333333,1163.1666666666667,1582.1666666666667,48.863101771993115,76.30234933605722
Geologists and Geophysicists,126.0,138.08333333333334,133.75,252.08333333333334,82.55884127942063,100.06613756613758
Glaziers,75.91666666666667,69.25,67.0,93.83333333333333,35.49939831528279,23.60043907793632
Graphic Pre-press Trades Workers,21.416666666666668,21.666666666666668,16.25,22.75,4.999999999999994,6.225680933852134
"Graphic and Web Designers, and Illustrators",818.5,700.6666666666666,504.9166666666667,835.5833333333334,19.25547098001904,2.0871512930156837
Greenkeepers,106.91666666666667,107.58333333333333,97.66666666666667,162.0,50.58094500387297,51.5198752922837
Hairdressers,567.8333333333334,521.0833333333334,559.4166666666666,784.6666666666666,50.58371981448902,38.18608746697973
Handypersons,472.1666666666667,412.8333333333333,338.0833333333333,624.8333333333334,51.35244247073074,32.333215672432054
Health and Welfare Services Managers,252.83333333333334,262.1666666666667,273.0833333333333,423.9166666666667,61.69739351557533,67.66644693473962
Hotel Service Managers,117.0,109.58333333333333,82.0,165.33333333333334,50.874524714828915,41.31054131054132
Hotel and Motel Managers,316.5833333333333,331.4166666666667,241.83333333333334,452.25,36.459642946944925,42.853382469070816
Housekeepers,334.1666666666667,327.4166666666667,321.5,683.1666666666666,108.65360142529903,104.43890274314211
Human Resource Clerks,48.5,52.0,34.333333333333336,70.83333333333333,36.21794871794871,46.04810996563573
Human Resource Managers,579.3333333333334,513.1666666666666,374.6666666666667,662.4166666666666,29.084118220201365,14.341196777905624
Human Resource Professionals,2999.1666666666665,2923.6666666666665,1795.4166666666667,3323.1666666666665,13.66434842093262,10.80300083356488
ICT Business and Systems Analysts,3039.9166666666665,2964.8333333333335,2071.1666666666665,3263.6666666666665,10.079262465568599,7.360399133748184
ICT Managers,490.25,476.4166666666667,384.8333333333333,610.25,28.091656463179987,24.47730749617542
ICT Sales Assistants,28.166666666666668,23.0,15.083333333333334,22.0,-4.3478260869565215,-21.893491124260358
ICT Sales Professionals,28.166666666666668,30.75,23.666666666666668,32.583333333333336,5.9620596205962135,15.680473372781067
ICT Support Technicians,1457.0,1389.6666666666667,969.6666666666666,1506.25,8.389301990885098,3.3802333562113938
ICT Support and Test Engineers,583.25,571.4166666666666,423.3333333333333,778.75,36.28408925185943,33.5190741534505
ICT Trainers,14.75,23.0,13.333333333333334,12.666666666666666,-44.92753623188406,-14.124293785310737
"Importers, Exporters and Wholesalers",27.166666666666668,18.916666666666668,15.083333333333334,26.583333333333332,40.528634361233465,-2.14723926380369
Indigenous Health Workers,36.416666666666664,40.666666666666664,50.916666666666664,81.08333333333333,99.38524590163934,122.65446224256293
Industrial Spraypainters,197.08333333333334,153.16666666666666,134.41666666666666,232.58333333333334,51.84983677910774,18.012684989429175
"Industrial, Mechanical and Production Engineers",733.5833333333334,700.0833333333334,504.1666666666667,803.5,14.77205094631591,9.530841758491418
Inquiry Clerks,407.9166666666667,404.3333333333333,274.8333333333333,580.75,43.63149216817808,42.36976506639427
Inspectors and Regulatory Officers,815.25,929.3333333333334,848.8333333333334,1116.3333333333333,20.121951219512184,36.93141163242358
Insulation and Home Improvement Installers,79.25,58.75,72.5,110.91666666666667,88.79432624113475,39.95793901156678
Insurance Agents,529.6666666666666,512.1666666666666,378.3333333333333,503.5,-1.69215750081353,-4.9402139710509685
"Insurance Investigators, Loss Adjusters and Risk Surveyors",558.6666666666666,586.8333333333334,394.6666666666667,504.25,-14.072706617438232,-9.740453460620518
"Insurance, Money Market and Statistical Clerks",58.416666666666664,54.583333333333336,40.083333333333336,68.08333333333333,24.7328244274809,16.547788873038513
Intelligence and Policy Analysts,553.25,571.0833333333334,470.5833333333333,734.75,28.658981467970225,32.80614550384094
Interior Designers,453.9166666666667,256.25,112.08333333333333,204.5,-20.195121951219512,-54.947677620708646
Internal Medicine Specialists,226.58333333333334,250.33333333333334,255.41666666666666,331.3333333333333,32.35685752330225,46.23023170283191
Jewellers,22.25,20.583333333333332,20.0,33.416666666666664,62.34817813765182,50.187265917602986
Journalists and Other Writers,455.3333333333333,438.6666666666667,344.5,581.8333333333334,32.63677811550153,27.78184480234262
Keyboard Operators,274.0,242.08333333333334,153.08333333333334,244.08333333333334,0.8261617900172116,-10.918491484184912
Kitchenhands,859.6666666666666,894.75,757.25,2179.4166666666665,143.57828071155814,153.5188057386584
Land Economists and Valuers,84.83333333333333,81.58333333333333,82.75,150.75,84.78038815117468,77.70137524557957
Laundry Workers,58.666666666666664,48.083333333333336,47.916666666666664,86.5,79.89601386481802,47.44318181818182
Librarians,70.41666666666667,74.5,50.583333333333336,80.41666666666667,7.941834451901572,14.201183431952662
Library Assistants,23.916666666666668,24.25,18.416666666666668,28.083333333333332,15.807560137457038,17.421602787456436
Licensed Club Managers,90.16666666666667,84.25,72.75,111.75,32.640949554896146,23.93715341959334
Life Scientists,87.91666666666667,98.33333333333333,107.25,209.0,112.54237288135593,137.7251184834123
Livestock Farm Workers,53.166666666666664,48.333333333333336,57.083333333333336,92.75,91.89655172413792,74.45141065830721
Livestock Farmers,36.0,46.416666666666664,46.333333333333336,77.41666666666667,66.78635547576303,115.0462962962963
Mail Sorters,16.916666666666668,12.25,9.75,18.416666666666668,50.34013605442178,8.866995073891625
Management and Organisation Analysts,1011.8333333333334,965.3333333333334,625.25,968.75,0.35393646408839385,-4.257947619831992
Manufacturers,22.083333333333332,17.75,14.583333333333334,26.833333333333332,51.173708920187785,21.50943396226415
Marine Transport Professionals,41.666666666666664,48.583333333333336,33.333333333333336,72.33333333333333,48.88507718696396,73.6
Massage Therapists,102.83333333333333,102.0,108.66666666666667,174.16666666666666,70.7516339869281,69.3679092382496
"Meat Boners and Slicers, and Slaughterers",47.083333333333336,47.25,43.5,41.25,-12.698412698412698,-12.389380530973455
"Meat, Poultry and Seafood Process Workers",38.916666666666664,57.416666666666664,65.16666666666667,82.25,43.25108853410741,111.34903640256961
Mechanical Engineering Draftspersons and Technicians,92.66666666666667,95.16666666666667,72.66666666666667,126.16666666666667,32.57443082311733,36.15107913669065
Medical Imaging Professionals,378.6666666666667,445.5833333333333,302.9166666666667,439.25,-1.4213577707125449,15.999119718309855
Medical Laboratory Scientists,94.08333333333333,96.83333333333333,90.41666666666667,139.0,43.54561101549054,47.74136403897255
Medical Technicians,309.8333333333333,313.25,300.6666666666667,506.1666666666667,61.585528065975005,63.36740182894031
"Metal Casting, Forging and Finishing Trades Workers",12.0,10.166666666666666,10.416666666666666,13.0,27.868852459016402,8.333333333333332
Metal Engineering Process Workers,14.416666666666666,8.416666666666666,6.25,11.583333333333334,37.62376237623764,-19.653179190751437
Metal Fitters and Machinists,2333.0,2257.0833333333335,1702.9166666666667,2499.9166666666665,10.75872254015136,7.154593513359045
Middle School Teachers (Aus) / Intermediate School Teachers (NZ),2.9166666666666665,4.25,4.0,3.0833333333333335,-27.45098039215686,5.714285714285724
Midwives,118.58333333333333,123.83333333333333,120.58333333333333,221.16666666666666,78.60026917900403,86.5073787772312
Mining Engineers,636.9166666666666,719.75,554.3333333333334,751.1666666666666,4.364941530624054,17.937982467617427
Ministers of Religion,26.583333333333332,30.25,26.583333333333332,43.833333333333336,44.90358126721764,64.89028213166146
Mixed Crop and Livestock Farm Workers,117.41666666666667,104.58333333333333,143.33333333333334,261.3333333333333,149.8804780876494,122.56919801277498
Mixed Crop and Livestock Farmers,57.5,66.91666666666667,70.08333333333333,105.83333333333333,58.15691158156909,84.05797101449275
Models and Sales Demonstrators,519.6666666666666,450.1666666666667,353.5833333333333,707.5,57.16401332839688,36.14496472097499
Motor Mechanics,2651.9166666666665,2504.75,2010.9166666666667,3401.5833333333335,35.805303257144764,28.26886214373253
Motor Vehicle Parts and Accessories Fitters,154.58333333333334,128.16666666666666,137.91666666666666,221.75,73.01690507152146,43.450134770889484
Motor Vehicle and Vehicle Parts Salespersons,615.9166666666666,543.6666666666666,445.3333333333333,749.1666666666666,37.79889638258737,21.634420240833446
Multimedia Specialists and Web Developers,279.3333333333333,225.0,157.58333333333334,229.75,2.111111111111111,-17.750596658711213
Music Professionals,10.583333333333334,10.416666666666666,7.916666666666667,10.083333333333334,-3.199999999999989,-4.724409448818897
Nurse Educators and Researchers,91.58333333333333,96.66666666666667,116.16666666666667,200.58333333333334,107.5,119.01728844404005
Nurse Managers,179.16666666666666,207.08333333333334,188.75,261.5833333333333,26.31790744466799,46.0
Nurserypersons,49.083333333333336,43.333333333333336,43.666666666666664,63.0,45.38461538461538,28.353140916808144
Nursing Support and Personal Care Workers,558.75,645.3333333333334,774.25,1214.75,88.23605371900825,117.40492170022372
Occupational Therapists,546.3333333333334,879.0,1025.75,1515.25,72.38339021615472,177.3489932885906
Occupational and Environmental Health Professionals,653.5,672.0,552.5,888.4166666666666,32.20486111111111,35.947462382045394
Office Managers,997.3333333333334,910.25,646.0833333333334,1125.6666666666667,23.665659617321257,12.867647058823534
Optometrists and Orthoptists,88.16666666666667,37.833333333333336,21.166666666666668,46.416666666666664,22.68722466960351,-47.35349716446125
Other Accommodation and Hospitality Managers,57.833333333333336,54.166666666666664,55.333333333333336,80.33333333333333,48.30769230769231,38.904899135446676
Other Building and Engineering Technicians,646.5,571.1666666666666,428.25,611.75,7.105339947475933,-5.375096674400619
Other Cleaners,41.083333333333336,39.416666666666664,46.25,70.33333333333333,78.43551797040169,71.1967545638945
Other Clerical and Office Support Workers,78.5,67.41666666666667,58.416666666666664,89.25,32.38566131025957,13.694267515923567
Other Construction and Mining Labourers,67.83333333333333,63.916666666666664,55.833333333333336,73.75,15.384615384615389,8.722358722358729
Other Education Managers,81.25,80.75,64.58333333333333,91.25,13.003095975232199,12.307692307692308
Other Engineering Professionals,294.75,319.8333333333333,233.16666666666666,372.8333333333333,16.571130797290255,26.491376873056254
Other Factory Process Workers,450.3333333333333,349.9166666666667,387.25,663.9166666666666,89.73565134555844,47.427831236121385
"Other Farm, Forestry and Garden Workers",85.0,72.25,89.83333333333333,143.75,98.96193771626297,69.11764705882352
Other Health Diagnostic and Promotion Professionals,26.666666666666668,56.5,37.416666666666664,58.083333333333336,2.802359882005904,117.81250000000001
"Other Hospitality, Retail and Service Managers",852.1666666666666,819.8333333333334,588.25,832.6666666666666,1.5653588127668132,-2.2882847643262276
Other Information and Organisation Professionals,194.16666666666666,218.66666666666666,174.41666666666666,301.8333333333333,38.03353658536585,55.45064377682402
Other Machine Operators,667.1666666666666,534.9166666666666,514.9166666666666,828.5,54.8839383081477,24.181863602298286
Other Medical Practitioners,78.25,97.75,91.16666666666667,156.08333333333334,59.6760443307758,99.46751863684771
Other Miscellaneous Clerical and Administrative Workers,281.3333333333333,264.5,170.08333333333334,320.0,20.982986767485823,13.744075829383895
Other Miscellaneous Labourers,3699.5,3039.3333333333335,2785.0833333333335,4424.833333333333,45.58565474884841,19.606253097265387
Other Miscellaneous Technicians and Trades Workers,509.9166666666667,544.5833333333334,501.5,840.5,54.3381790359602,64.83085471482268
Other Mobile Plant Operators,253.33333333333334,233.58333333333334,226.25,297.3333333333333,27.292186942561532,17.368421052631568
Other Natural and Physical Science Professionals,81.08333333333333,84.33333333333333,70.66666666666667,112.25,33.10276679841898,38.43782117163413
Other Sales Assistants and Salespersons,57.0,48.583333333333336,35.583333333333336,60.583333333333336,24.699828473413376,6.286549707602343
Other Sales Support Workers,392.8333333333333,260.5833333333333,96.75,262.3333333333333,0.6715701950751519,-33.220195163343234
Other Specialist Managers,561.5,579.5833333333334,446.25,724.4166666666666,24.989216391085538,29.01454437518551
Other Stationary Plant Operators,245.08333333333334,248.91666666666666,215.91666666666666,319.4166666666667,28.322731837964525,30.329819789187358
Outdoor Adventure Guides,6.166666666666667,4.5,4.833333333333333,11.833333333333334,162.962962962963,91.8918918918919
Packers,464.5,424.75,457.25,834.5,96.46851088875809,79.65554359526372
Painting Trades Workers,363.25,299.5833333333333,317.1666666666667,577.3333333333334,92.71210013908208,58.935535673319585
Panelbeaters,150.58333333333334,115.08333333333333,94.75,175.41666666666666,52.42577842143375,16.491422246817915
Paper and Wood Processing Machine Operators,25.75,18.25,17.5,27.083333333333332,48.40182648401826,5.177993527508086
Paving and Surfacing Labourers,26.916666666666668,25.25,18.833333333333332,23.666666666666668,-6.270627062706266,-12.074303405572754
Payroll Clerks,1048.25,1051.9166666666667,716.9166666666666,1015.6666666666666,-3.4460904697774013,-3.108355195166551
Performing Arts Technicians,39.083333333333336,41.0,31.916666666666668,52.25,27.439024390243905,33.68869936034115
Personal Assistants,1070.9166666666667,960.6666666666666,516.3333333333334,716.5833333333334,-25.407702984038856,-33.086919305890596
Personal Care Consultants,8.916666666666666,8.0,6.083333333333333,11.0,37.5,23.36448598130842
Pharmacists,501.8333333333333,512.3333333333334,391.25,540.0,5.400130123617429,7.60544669545002
Pharmacy Sales Assistants,231.75,170.25,153.0,345.5,102.93685756240822,49.083063646170444
Photographers,37.0,33.25,24.5,41.25,24.06015037593985,11.486486486486488
Photographic Developers and Printers,1.6666666666666667,0.75,1.0,2.5,233.33333333333334,49.99999999999999
Physiotherapists,859.5,991.0833333333334,980.4166666666666,1475.3333333333333,48.860674346254086,71.65018421562922
Plasterers,59.25,41.416666666666664,42.083333333333336,68.33333333333333,64.98993963782695,15.330520393811526
Plastics and Rubber Factory Workers,0.8333333333333334,0.16666666666666666,0.4166666666666667,1.1666666666666667,600.0,40.0
Plastics and Rubber Production Machine Operators,48.333333333333336,43.166666666666664,42.083333333333336,57.416666666666664,33.011583011583014,18.793103448275854
Plumbers,891.9166666666666,768.75,737.5,1165.5,51.609756097560975,30.673642903858738
Podiatrists,73.33333333333333,86.41666666666667,85.33333333333333,159.08333333333334,84.08871745419479,116.93181818181822
Police,8.75,12.583333333333334,12.5,16.083333333333332,27.81456953642383,83.8095238095238
Policy and Planning Managers,1270.4166666666667,1219.75,945.3333333333334,1550.4166666666667,27.10938033750086,22.040013119055427
Practice Managers,192.5,180.75,180.66666666666666,289.0833333333333,59.93545412632548,50.173160173160156
Precision Metal Trades Workers,53.333333333333336,51.666666666666664,40.5,69.83333333333333,35.16129032258064,30.937499999999986
Primary Products Inspectors,9.916666666666666,9.916666666666666,9.916666666666666,18.666666666666668,88.23529411764707,88.23529411764707
Primary School Teachers,122.75,126.0,309.6666666666667,192.08333333333334,52.44708994708995,56.48336727766464
Printers,47.5,36.75,27.416666666666668,50.25,36.734693877551024,5.7894736842105265
Printing Assistants and Table Workers,116.83333333333333,88.0,59.333333333333336,94.25,7.1022727272727275,-19.32952924393723
Prison Officers,29.75,26.333333333333332,24.75,44.083333333333336,67.40506329113926,48.17927170868348
Private Tutors and Teachers,66.58333333333333,66.33333333333333,59.0,82.58333333333333,24.49748743718593,24.03003754693367
Product Assemblers,198.33333333333334,160.5,124.5,267.5833333333333,66.71858774662512,34.9159663865546
Product Quality Controllers,696.8333333333334,647.0,469.5833333333333,813.0833333333334,25.669757856774865,16.682611815355177
Production Managers,818.1666666666666,742.8333333333334,631.1666666666666,1026.5,38.187121382095576,25.46343450804645
Psychiatrists,55.416666666666664,73.41666666666667,114.58333333333333,141.66666666666666,92.96254256526672,155.63909774436092
Psychologists,363.4166666666667,438.5833333333333,588.5833333333334,750.5833333333334,71.13813414402433,106.53519834900251
Public Relations Professionals,949.3333333333334,955.0833333333334,607.25,1127.3333333333333,18.03507547334437,18.749999999999986
Purchasing and Supply Logistics Clerks,1683.75,1538.0,1180.1666666666667,2018.5,31.24187256176853,19.88121752041574
Railway Track Workers,20.416666666666668,24.416666666666668,22.166666666666668,30.75,25.938566552901015,50.61224489795918
Real Estate Sales Agents,1830.3333333333333,1699.3333333333333,1509.5833333333333,1918.8333333333333,12.916830129462534,4.8351848479329815
Receptionists,2360.8333333333335,2112.6666666666665,1582.3333333333333,2825.4166666666665,33.73698327548122,19.67878573949875
Recycling and Rubbish Collectors,8.5,7.916666666666667,7.583333333333333,12.75,61.052631578947356,50.0
Registered Nurses,4037.1666666666665,4413.166666666667,4337.916666666667,7048.666666666667,59.71902262170021,74.59439375799862
Research and Development Managers,141.75,138.83333333333334,99.75,164.83333333333334,18.727490996398558,16.284538506760736
Retail Managers,2524.4166666666665,2351.6666666666665,1574.3333333333333,2566.1666666666665,9.121190644932673,1.6538474234971776
Retail Supervisors,157.91666666666666,140.08333333333334,121.41666666666667,174.41666666666666,24.509220701963102,10.448548812664908
Retail and Wool Buyers,68.25,58.0,36.583333333333336,60.083333333333336,3.5919540229885096,-11.965811965811962
Roof Tilers,62.75,59.333333333333336,79.33333333333333,106.83333333333333,80.0561797752809,70.2523240371846
Safety Inspectors,103.33333333333333,94.16666666666667,81.83333333333333,134.25,42.56637168141592,29.919354838709683
Sales Assistants (General),7487.666666666667,6599.833333333333,5360.916666666667,9810.5,48.647693123563734,31.022125272670607
Sales Representatives,2691.1666666666665,2303.25,1563.0833333333333,2457.4166666666665,6.69344042838018,-8.685823992072832
School Principals,72.33333333333333,95.33333333333333,163.33333333333334,284.0,197.90209790209795,292.6267281105991
Science Technicians,90.83333333333333,87.58333333333333,78.83333333333333,116.25,32.73073263558516,27.981651376146793
Secondary School Teachers,286.4166666666667,375.75,447.0,467.5833333333333,24.44000887114659,63.25283677625835
Secretaries,1185.6666666666667,1075.3333333333333,574.0,981.25,-8.749225046497203,-17.240652235029525
Security Officers and Guards,669.75,617.1666666666666,590.3333333333334,935.5,51.5798001620308,39.67898469578201
Service Station Attendants,26.583333333333332,35.333333333333336,71.83333333333333,45.75,29.481132075471688,72.10031347962384
Sewing Machinists,61.0,57.25,64.41666666666667,110.5,93.01310043668121,81.14754098360656
Shearers,5.5,1.0,0.8333333333333334,1.0,0.0,-81.81818181818183
Sheetmetal Trades Workers,349.9166666666667,298.4166666666667,271.5833333333333,419.5833333333333,40.60318346830493,19.909502262443425
Shelf Fillers,37.25,30.083333333333332,104.0,231.91666666666666,670.9141274238226,522.5950782997762
Signwriters,30.0,24.5,18.416666666666668,28.25,15.306122448979592,-5.833333333333333
Social Professionals,294.25,302.3333333333333,237.66666666666666,379.75,25.606394707828013,29.056924384027187
Social Workers,619.9166666666666,684.6666666666666,791.8333333333334,1154.3333333333333,68.59785783836416,86.20782363220863
Software and Applications Programmers,6162.75,6063.75,4613.75,7112.166666666667,17.289905861334436,15.405730666774847
Solicitors,1790.6666666666667,1706.8333333333333,1124.25,1503.0,-11.94219314520066,-16.06478034251676
Special Care Workers,27.5,23.75,25.75,36.583333333333336,54.03508771929826,33.03030303030304
Special Education Teachers,26.916666666666668,45.833333333333336,58.083333333333336,70.58333333333333,53.99999999999998,162.22910216718262
Speech Professionals and Audiologists,208.0,310.25,479.4166666666667,737.0833333333334,137.57722266988986,254.36698717948718
"Sports Coaches, Instructors and Officials",408.0833333333333,441.5833333333333,391.75,701.4166666666666,58.84129080958671,71.88074331223197
Sportspersons,44.75,54.583333333333336,40.25,70.25,28.702290076335874,56.98324022346368
Storepersons,1584.25,1336.6666666666667,1261.75,2250.25,68.34788029925186,42.0388196307401
Street Vendors and Related Salespersons,22.0,13.083333333333334,10.583333333333334,19.333333333333332,47.77070063694266,-12.121212121212126
Structural Steel Construction Workers,286.75,236.91666666666666,214.25,383.0833333333333,61.69539219134717,33.59488520778843
Structural Steel and Welding Trades Workers,1466.0,1222.9166666666667,1071.1666666666667,1777.25,45.328790459965916,21.231241473397
Supply and Distribution Managers,383.0833333333333,356.6666666666667,292.4166666666667,475.0833333333333,33.20093457943924,24.01566238851425
Surgeons,15.916666666666666,26.416666666666668,21.333333333333332,27.5,4.100946372239743,72.77486910994764
Survey Interviewers,84.83333333333333,78.58333333333333,55.666666666666664,94.16666666666667,19.83032873807,11.001964636542251
Switchboard Operators,10.416666666666666,9.833333333333334,8.666666666666666,13.75,39.83050847457626,32.00000000000001
Teachers of English to Speakers of Other Languages,12.75,14.833333333333334,8.75,10.166666666666666,-31.460674157303377,-20.261437908496738
Technical Sales Representatives,394.5,374.25,225.66666666666666,323.1666666666667,-13.649521264751721,-18.081960287283476
Telecommunications Engineering Professionals,98.66666666666667,84.0,71.16666666666667,88.58333333333333,5.456349206349201,-10.219594594594604
Telecommunications Technical Specialists,44.083333333333336,21.0,19.083333333333332,26.083333333333332,24.206349206349202,-40.83175803402647
Telecommunications Trades Workers,130.25,94.25,84.0,106.83333333333333,13.351016799292657,-17.978246960972495
Telemarketers,200.5,151.33333333333334,102.5,145.58333333333334,-3.7995594713656384,-27.389858686616787
Textile and Footwear Production Machine Operators,11.666666666666666,6.5,7.75,15.666666666666666,141.02564102564102,34.285714285714285
Ticket Salespersons,38.166666666666664,34.25,16.25,33.916666666666664,-0.973236009732367,-11.135371179039302
Timber and Wood Process Workers,23.916666666666668,14.166666666666666,14.916666666666666,21.833333333333332,54.11764705882353,-8.710801393728232
Toolmakers and Engineering Patternmakers,16.333333333333332,16.166666666666668,13.25,19.666666666666668,21.649484536082472,20.40816326530614
Tourism and Travel Advisers,547.4166666666666,400.0833333333333,110.66666666666667,88.16666666666667,-77.96292439075192,-83.89404780027401
Train and Tram Drivers,30.916666666666668,26.583333333333332,36.833333333333336,58.333333333333336,119.435736677116,88.67924528301887
Training and Development Professionals,840.0833333333334,869.25,670.8333333333334,1012.25,16.45096347425942,20.49399861124888
Transport Services Managers,202.5,161.58333333333334,116.16666666666667,204.33333333333334,26.456936565239815,0.9053497942386878
Transport and Despatch Clerks,728.5833333333334,647.0,434.5,795.8333333333334,23.003606388459563,9.230241335925884
Travel Attendants,10.5,17.083333333333332,5.916666666666667,18.75,9.756097560975617,78.57142857142857
Truck Drivers,2014.6666666666667,1622.1666666666667,1512.9166666666667,2516.75,55.147436556046436,24.921409662475178
University Lecturers and Tutors,202.75,207.41666666666666,119.08333333333333,222.66666666666666,7.3523503415026115,9.823263460748043
Upholsterers,21.166666666666668,17.25,17.166666666666668,23.5,36.231884057971016,11.02362204724409
Urban and Regional Planners,300.6666666666667,249.33333333333334,167.16666666666666,281.5833333333333,12.934491978609614,-6.347006651884712
Vehicle Body Builders and Trimmers,30.416666666666668,26.583333333333332,30.083333333333332,39.333333333333336,47.96238244514108,29.315068493150687
Vehicle Painters,23.166666666666668,18.083333333333332,16.916666666666668,37.083333333333336,105.06912442396316,60.07194244604317
Vending Machine Attendants,2.1666666666666665,2.0,1.0,3.4166666666666665,70.83333333333333,57.6923076923077
Veterinarians,25.833333333333332,34.5,35.666666666666664,158.58333333333334,359.6618357487923,513.8709677419355
Veterinary Nurses,25.333333333333332,27.666666666666668,35.75,94.0,239.75903614457826,271.0526315789474
Visual Arts and Crafts Professionals,6.666666666666667,13.583333333333334,3.6666666666666665,6.0,-55.828220858895705,-10.000000000000004
Visual Merchandisers,36.0,38.75,18.75,42.166666666666664,8.817204301075263,17.129629629629623
Vocational Education Teachers (Aus) / Polytechnic Teachers (NZ),33.833333333333336,48.833333333333336,40.75,58.916666666666664,20.648464163822513,74.13793103448273
Waiters,1926.0,2046.25,1557.0833333333333,3901.25,90.65363469761759,102.55711318795431
Wall and Floor Tilers,58.333333333333336,45.666666666666664,49.833333333333336,90.25,97.62773722627738,54.7142857142857
Welfare Support Workers,579.9166666666666,653.3333333333334,633.3333333333334,1049.9166666666667,60.7015306122449,81.04612731714329
"Welfare, Recreation and Community Arts Workers",1129.0833333333333,1219.75,1369.6666666666667,2041.5833333333333,67.37719478035116,80.81777252933796
Wood Machinists and Other Wood Trades Workers,64.75,48.916666666666664,42.916666666666664,61.416666666666664,25.553662691652473,-5.148005148005152
